<?xml version="1.0" encoding="UTF-8"?>
<project-private xmlns="http://www.netbeans.org/ns/project-private/1">
    <editor-bookmarks xmlns="http://www.netbeans.org/ns/editor-bookmarks/2" lastBookmarkId="0"/>
    <open-files xmlns="http://www.netbeans.org/ns/projectui-open-files/2">
        <group>
            <file>file:/C:/xampp/htdocs/PhpProject2/Admin/header.php</file>
            <file>file:/C:/xampp/htdocs/PhpProject2/generatebill.php</file>
            <file>file:/C:/xampp/htdocs/PhpProject2/addtocart.php</file>
            <file>file:/C:/xampp/htdocs/PhpProject2/RegisterLogin/register.php</file>
            <file>file:/C:/xampp/htdocs/PhpProject2/payment.php</file>
            <file>file:/C:/xampp/htdocs/PhpProject2/RegisterLogin/getcity.php</file>
            <file>file:/C:/xampp/htdocs/PhpProject2/confirm.php</file>
        </group>
    </open-files>
</project-private>
